[{"name":" #1","symbol":"","seller_fee_basis_points":"","description":"","external_link":"","attributes":[{"value":"ThiccLips"},{"value":"MonoEye"},{"value":"TrashCan"},{"value":"Afro"},{"value":"Eggplant"},{"value":"GettingGrilled"}],"property":{"creators":[{"creator":"","share":""}]},"traits":{"rarity":50}},{"name":" #2","symbol":"","seller_fee_basis_points":"","description":"","external_link":"","attributes":[{"value":"ThiccLips"},{"value":"GangsterLook"},{"value":"Hoodie"},{"value":"AngelHalo"},{"value":"Albino"},{"value":"PeacefulLand"}],"property":{"creators":[{"creator":"","share":""}]},"traits":{"rarity":50}},{"name":" #3","symbol":"","seller_fee_basis_points":"","description":"","external_link":"","attributes":[{"value":"HillBilly"},{"value":"Cucumber"},{"value":"TrashCan"},{"value":"1upMushroom"},{"value":"PerfectlyCooked"},{"value":"Clouds"}],"property":{"creators":[{"creator":"","share":""}]},"traits":{"rarity":50}},{"name":" #4","symbol":"","seller_fee_basis_points":"","description":"","external_link":"","attributes":[{"value":"Lipstick"},{"value":"GangsterLook"},{"value":"Apron"},{"value":"FrogHat"},{"value":"Undercooked"},{"value":"GettingBoiled"}],"property":{"creators":[{"creator":"","share":""}]},"traits":{"rarity":50}},{"name":" #5","symbol":"","seller_fee_basis_points":"","description":"","external_link":"","attributes":[{"value":"ThiccLips"},{"value":"Angry"},{"value":"Apron"},{"value":"BucketHat"},{"value":"Eggplant"},{"value":"PeacefulLand"}],"property":{"creators":[{"creator":"","share":""}]},"traits":{"rarity":50}},{"name":" #6","symbol":"","seller_fee_basis_points":"","description":"","external_link":"","attributes":[{"value":"Bubblegum"},{"value":"X"},{"value":"Buns"},{"value":"FrogHat"},{"value":"Eggplant"},{"value":"AcidGreen"}],"property":{"creators":[{"creator":"","share":""}]},"traits":{"rarity":50}},{"name":" #7","symbol":"","seller_fee_basis_points":"","description":"","external_link":"","attributes":[{"value":"oooOOOooo"},{"value":"Angry"},{"value":"VampireCape"},{"value":"AngelHalo"},{"value":"Undercooked"},{"value":"AcidGreen"}],"property":{"creators":[{"creator":"","share":""}]},"traits":{"rarity":50}},{"name":" #8","symbol":"","seller_fee_basis_points":"","description":"","external_link":"","attributes":[{"value":"Cigarette"},{"value":"Angry"},{"value":"Bra"},{"value":"1upMushroom"},{"value":"Burnt"},{"value":"CosmicWave"}],"property":{"creators":[{"creator":"","share":""}]},"traits":{"rarity":50}},{"name":" #9","symbol":"","seller_fee_basis_points":"","description":"","external_link":"","attributes":[{"value":"Cigarette"},{"value":"VRGoggles"},{"value":"VampireCape"},{"value":"FrogHat"},{"value":"Poisoned"},{"value":"Clouds"}],"property":{"creators":[{"creator":"","share":""}]},"traits":{"rarity":50}}]