[{"name":"test #1","symbol":"test","seller_fee_basis_points":"","description":"test","external_link":"test","attributes":[{"traitType":"1. Mouth","value":"FriendlySmile"},{"traitType":"6. Background","value":"Clouds"},{"traitType":"5. Base","value":"Albino"},{"traitType":"3. Clothes","value":"Tracksuit"},{"traitType":"4. Hats","value":"1upMushroom"},{"traitType":"2. Eyes","value":"MonoEye"}],"property":{"creators":[{"creator":"","share":""}]},"traits":{"rarity":50}},{"name":"test #2","symbol":"test","seller_fee_basis_points":"","description":"test","external_link":"test","attributes":[{"traitType":"1. Mouth","value":"FriendlySmile"},{"traitType":"6. Background","value":"GettingGrilled"},{"traitType":"5. Base","value":"Mummy"},{"traitType":"3. Clothes","value":"KnightArmor"},{"traitType":"4. Hats","value":"AngelHalo"},{"traitType":"2. Eyes","value":"Cucumber"}],"property":{"creators":[{"creator":"","share":""}]},"traits":{"rarity":50}},{"name":"test #3","symbol":"test","seller_fee_basis_points":"","description":"test","external_link":"test","attributes":[{"traitType":"1. Mouth","value":"ThiccLips"},{"traitType":"6. Background","value":"GettingBoiled"},{"traitType":"5. Base","value":"Rainbow"},{"traitType":"3. Clothes","value":"Stringer"},{"traitType":"4. Hats","value":"BearHat"},{"traitType":"2. Eyes","value":"VRGoggles"}],"property":{"creators":[{"creator":"","share":""}]},"traits":{"rarity":50}},{"name":"test #4","symbol":"test","seller_fee_basis_points":"","description":"test","external_link":"test","attributes":[{"traitType":"1. Mouth","value":"VeryCreepySmile"},{"traitType":"6. Background","value":"RainyDay"},{"traitType":"5. Base","value":"PerfectlyCooked"},{"traitType":"3. Clothes","value":"Apron"},{"traitType":"4. Hats","value":"AngelHalo"},{"traitType":"2. Eyes","value":"Angry"}],"property":{"creators":[{"creator":"","share":""}]},"traits":{"rarity":50}},{"name":"test #5","symbol":"test","seller_fee_basis_points":"","description":"test","external_link":"test","attributes":[{"traitType":"1. Mouth","value":"Pouting"},{"traitType":"6. Background","value":"CosmicWave"},{"traitType":"5. Base","value":"PerfectlyCooked"},{"traitType":"3. Clothes","value":"TrashCan"},{"traitType":"4. Hats","value":"BearHat"},{"traitType":"2. Eyes","value":"MonoEye"}],"property":{"creators":[{"creator":"","share":""}]},"traits":{"rarity":50}},{"name":"test #6","symbol":"test","seller_fee_basis_points":"","description":"test","external_link":"test","attributes":[{"traitType":"1. Mouth","value":"Pouting"},{"traitType":"6. Background","value":"CosmicWave"},{"traitType":"5. Base","value":"PerfectlyCooked"},{"traitType":"3. Clothes","value":"Apron"},{"traitType":"4. Hats","value":"1upMushroom"},{"traitType":"2. Eyes","value":"CrazyEyes"}],"property":{"creators":[{"creator":"","share":""}]},"traits":{"rarity":50}},{"name":"test #7","symbol":"test","seller_fee_basis_points":"","description":"test","external_link":"test","attributes":[{"traitType":"1. Mouth","value":"HillBilly"},{"traitType":"6. Background","value":"Clouds"},{"traitType":"5. Base","value":"Burnt"},{"traitType":"3. Clothes","value":"Bra"},{"traitType":"4. Hats","value":"DevilHorn"},{"traitType":"2. Eyes","value":"Curious"}],"property":{"creators":[{"creator":"","share":""}]},"traits":{"rarity":50}}]