[{"name":"John #1","symbol":"$","seller_fee_basis_points":"dsfdf","description":"test","external_link":"google.com","attributes":[{"traitType":"1. Mouth","value":"HillBilly"},{"traitType":"2. Eyes","value":"VRGoggles"},{"traitType":"3. Clothes","value":"Bra"},{"traitType":"4. Hats","value":"IkeaHeadband"},{"traitType":"6. Background","value":"Clouds"},{"traitType":"5. Base","value":"PerfectlyCooked"}],"property":{"creators":[{"creator":"","share":"aesh","wallets":"sdfgh"}]},"traits":{"rarity":50}},{"name":"John #2","symbol":"$","seller_fee_basis_points":"dsfdf","description":"test","external_link":"google.com","attributes":[{"traitType":"1. Mouth","value":"Pouting"},{"traitType":"2. Eyes","value":"VRGoggles"},{"traitType":"3. Clothes","value":"KnightArmor"},{"traitType":"4. Hats","value":"DevilHorn"},{"traitType":"6. Background","value":"GettingBoiled"},{"traitType":"5. Base","value":"Burnt"}],"property":{"creators":[{"creator":"","share":"aesh","wallets":"sdfgh"}]},"traits":{"rarity":50}},{"name":"John #3","symbol":"$","seller_fee_basis_points":"dsfdf","description":"test","external_link":"google.com","attributes":[{"traitType":"1. Mouth","value":"FriendlySmile"},{"traitType":"2. Eyes","value":"Curious"},{"traitType":"3. Clothes","value":"KnightArmor"},{"traitType":"4. Hats","value":"1upMushroom"},{"traitType":"6. Background","value":"GettingBoiled"},{"traitType":"5. Base","value":"Cyborg"}],"property":{"creators":[{"creator":"","share":"aesh","wallets":"sdfgh"}]},"traits":{"rarity":50}}]