{"name":"test #3","symbol":"demo","seller_fee_basis_points":"","description":"test","external_link":"demo","attributes":[{"traitType":"6. Background","value":"RainyDay"},{"traitType":"5. Base","value":"Undercooked"},{"traitType":"4. Hats","value":"TrashCanLid"},{"traitType":"3. Clothes","value":"TrashCan"},{"traitType":"2. Eyes","value":"YeGlasses"},{"traitType":"1. Mouth","value":"VeryCreepySmile"}],"properties":{"files":[{"uri":"3.png","type":"image/png"}],"category":"image","creators":[{"creator":"12345678901234567890123456789012345678901234","share":"100"}]},"collection":{"name":"OK"},"traits":{"rarity":50}}