[{"name":"test #0","symbol":"demo","seller_fee_basis_points":"","description":"test","external_link":"demo","attributes":[{"traitType":"6. Background","value":"RainyDay"},{"traitType":"5. Base","value":"Undercooked"},{"traitType":"4. Hats","value":"TrashCanLid"},{"traitType":"3. Clothes","value":"VampireCape"},{"traitType":"2. Eyes","value":"X"},{"traitType":"1. Mouth","value":"VeryCreepySmile"}],"properties":{"files":[{"uri":"0.png","type":"image/png"}],"category":"image","creators":[{"creator":"12345678901234567890123456789012345678901234","share":"100"}]},"collection":{"name":"OK"},"traits":{"rarity":50}},{"name":"test #1","symbol":"demo","seller_fee_basis_points":"","description":"test","external_link":"demo","attributes":[{"traitType":"6. Background","value":"RainyDay"},{"traitType":"5. Base","value":"Undercooked"},{"traitType":"4. Hats","value":"TrashCanLid"},{"traitType":"3. Clothes","value":"VampireCape"},{"traitType":"2. Eyes","value":"YeGlasses"},{"traitType":"1. Mouth","value":"VeryCreepySmile"}],"properties":{"files":[{"uri":"1.png","type":"image/png"}],"category":"image","creators":[{"creator":"12345678901234567890123456789012345678901234","share":"100"}]},"collection":{"name":"OK"},"traits":{"rarity":50}},{"name":"test #2","symbol":"demo","seller_fee_basis_points":"","description":"test","external_link":"demo","attributes":[{"traitType":"6. Background","value":"RainyDay"},{"traitType":"5. Base","value":"Undercooked"},{"traitType":"4. Hats","value":"TrashCanLid"},{"traitType":"3. Clothes","value":"VampireCape"},{"traitType":"2. Eyes","value":"YeGlasses"},{"traitType":"1. Mouth","value":"VeryCreepySmile"}],"properties":{"files":[{"uri":"2.png","type":"image/png"}],"category":"image","creators":[{"creator":"12345678901234567890123456789012345678901234","share":"100"}]},"collection":{"name":"OK"},"traits":{"rarity":50}},{"name":"test #3","symbol":"demo","seller_fee_basis_points":"","description":"test","external_link":"demo","attributes":[{"traitType":"6. Background","value":"RainyDay"},{"traitType":"5. Base","value":"Undercooked"},{"traitType":"4. Hats","value":"TrashCanLid"},{"traitType":"3. Clothes","value":"TrashCan"},{"traitType":"2. Eyes","value":"YeGlasses"},{"traitType":"1. Mouth","value":"VeryCreepySmile"}],"properties":{"files":[{"uri":"3.png","type":"image/png"}],"category":"image","creators":[{"creator":"12345678901234567890123456789012345678901234","share":"100"}]},"collection":{"name":"OK"},"traits":{"rarity":50}},{"name":"test #4","symbol":"demo","seller_fee_basis_points":"","description":"test","external_link":"demo","attributes":[{"traitType":"6. Background","value":"RainyDay"},{"traitType":"5. Base","value":"Undercooked"},{"traitType":"4. Hats","value":"TrashCanLid"},{"traitType":"3. Clothes","value":"VampireCape"},{"traitType":"2. Eyes","value":"YeGlasses"},{"traitType":"1. Mouth","value":"VeryCreepySmile"}],"properties":{"files":[{"uri":"4.png","type":"image/png"}],"category":"image","creators":[{"creator":"12345678901234567890123456789012345678901234","share":"100"}]},"collection":{"name":"OK"},"traits":{"rarity":50}},{"name":"test #5","symbol":"demo","seller_fee_basis_points":"","description":"test","external_link":"demo","attributes":[{"traitType":"6. Background","value":"RainyDay"},{"traitType":"5. Base","value":"Undercooked"},{"traitType":"4. Hats","value":"TrashCanLid"},{"traitType":"3. Clothes","value":"VampireCape"},{"traitType":"2. Eyes","value":"YeGlasses"},{"traitType":"1. Mouth","value":"VeryCreepySmile"}],"properties":{"files":[{"uri":"5.png","type":"image/png"}],"category":"image","creators":[{"creator":"12345678901234567890123456789012345678901234","share":"100"}]},"collection":{"name":"OK"},"traits":{"rarity":50}},{"name":"test #6","symbol":"demo","seller_fee_basis_points":"","description":"test","external_link":"demo","attributes":[{"traitType":"6. Background","value":"RainyDay"},{"traitType":"5. Base","value":"Undercooked"},{"traitType":"4. Hats","value":"TrashCanLid"},{"traitType":"3. Clothes","value":"VampireCape"},{"traitType":"2. Eyes","value":"YeGlasses"},{"traitType":"1. Mouth","value":"VeryCreepySmile"}],"properties":{"files":[{"uri":"6.png","type":"image/png"}],"category":"image","creators":[{"creator":"12345678901234567890123456789012345678901234","share":"100"}]},"collection":{"name":"OK"},"traits":{"rarity":50}},{"name":"test #7","symbol":"demo","seller_fee_basis_points":"","description":"test","external_link":"demo","attributes":[{"traitType":"6. Background","value":"RainyDay"},{"traitType":"5. Base","value":"Undercooked"},{"traitType":"4. Hats","value":"TrashCanLid"},{"traitType":"3. Clothes","value":"VampireCape"},{"traitType":"2. Eyes","value":"YeGlasses"},{"traitType":"1. Mouth","value":"VeryCreepySmile"}],"properties":{"files":[{"uri":"7.png","type":"image/png"}],"category":"image","creators":[{"creator":"12345678901234567890123456789012345678901234","share":"100"}]},"collection":{"name":"OK"},"traits":{"rarity":50}},{"name":"test #8","symbol":"demo","seller_fee_basis_points":"","description":"test","external_link":"demo","attributes":[{"traitType":"6. Background","value":"RainyDay"},{"traitType":"5. Base","value":"Undercooked"},{"traitType":"4. Hats","value":"TrashCanLid"},{"traitType":"3. Clothes","value":"VampireCape"},{"traitType":"2. Eyes","value":"YeGlasses"},{"traitType":"1. Mouth","value":"VeryCreepySmile"}],"properties":{"files":[{"uri":"8.png","type":"image/png"}],"category":"image","creators":[{"creator":"12345678901234567890123456789012345678901234","share":"100"}]},"collection":{"name":"OK"},"traits":{"rarity":50}},{"name":"test #9","symbol":"demo","seller_fee_basis_points":"","description":"test","external_link":"demo","attributes":[{"traitType":"6. Background","value":"RainyDay"},{"traitType":"5. Base","value":"Undercooked"},{"traitType":"4. Hats","value":"TrashCanLid"},{"traitType":"3. Clothes","value":"VampireCape"},{"traitType":"2. Eyes","value":"YeGlasses"},{"traitType":"1. Mouth","value":"VeryCreepySmile"}],"properties":{"files":[{"uri":"9.png","type":"image/png"}],"category":"image","creators":[{"creator":"12345678901234567890123456789012345678901234","share":"100"}]},"collection":{"name":"OK"},"traits":{"rarity":50}},{"name":"test #10","symbol":"demo","seller_fee_basis_points":"","description":"test","external_link":"demo","attributes":[{"traitType":"6. Background","value":"RainyDay"},{"traitType":"5. Base","value":"Undercooked"},{"traitType":"4. Hats","value":"TrashCanLid"},{"traitType":"3. Clothes","value":"VampireCape"},{"traitType":"2. Eyes","value":"YeGlasses"},{"traitType":"1. Mouth","value":"VeryCreepySmile"}],"properties":{"files":[{"uri":"10.png","type":"image/png"}],"category":"image","creators":[{"creator":"12345678901234567890123456789012345678901234","share":"100"}]},"collection":{"name":"OK"},"traits":{"rarity":50}},{"name":"test #11","symbol":"demo","seller_fee_basis_points":"","description":"test","external_link":"demo","attributes":[{"traitType":"6. Background","value":"RainyDay"},{"traitType":"5. Base","value":"Undercooked"},{"traitType":"4. Hats","value":"TrashCanLid"},{"traitType":"3. Clothes","value":"VampireCape"},{"traitType":"2. Eyes","value":"YeGlasses"},{"traitType":"1. Mouth","value":"VeryCreepySmile"}],"properties":{"files":[{"uri":"11.png","type":"image/png"}],"category":"image","creators":[{"creator":"12345678901234567890123456789012345678901234","share":"100"}]},"collection":{"name":"OK"},"traits":{"rarity":50}}]