{"name":"test #4","symbol":"demo","seller_fee_basis_points":"","description":",mjnhbgfvcd","external_link":"demo","attributes":[{"traitType":"1. Mouth","value":"VeryCreepySmile"},{"traitType":"2. Eyes","value":"YeGlasses"},{"traitType":"3. Clothes","value":"VampireCape"},{"traitType":"4. Hats","value":"TrashCanLid"},{"traitType":"5. Base","value":"Undercooked"},{"traitType":"6. Background","value":"RainyDay"}],"properties":{"files":[{"uri":"4.png","type":"image/png"}],"category":"image","creators":[{"creator":"12345678901234567890123456789012345678901234","share":"100"}]},"collection":{"name":"OK"},"traits":{"rarity":50}}