[{"name":"test #0","symbol":"demo","seller_fee_basis_points":"","description":",mjnhbgfvcd","external_link":"demo","attributes":[{"traitType":"1. Mouth","value":"VeryCreepySmile"},{"traitType":"2. Eyes","value":"YeGlasses"},{"traitType":"3. Clothes","value":"VampireCape"},{"traitType":"4. Hats","value":"TrashCanLid"},{"traitType":"5. Base","value":"Undercooked"},{"traitType":"6. Background","value":"RainyDay"}],"properties":{"files":[{"uri":"0.png","type":"image/png"}],"category":"image","creators":[{"creator":"12345678901234567890123456789012345678901234","share":"100"}]},"collection":{"name":"OK"},"traits":{"rarity":50}},{"name":"test #1","symbol":"demo","seller_fee_basis_points":"","description":",mjnhbgfvcd","external_link":"demo","attributes":[{"traitType":"1. Mouth","value":"VeryCreepySmile"},{"traitType":"2. Eyes","value":"YeGlasses"},{"traitType":"3. Clothes","value":"VampireCape"},{"traitType":"4. Hats","value":"TrashCanLid"},{"traitType":"5. Base","value":"Undercooked"},{"traitType":"6. Background","value":"RainyDay"}],"properties":{"files":[{"uri":"1.png","type":"image/png"}],"category":"image","creators":[{"creator":"12345678901234567890123456789012345678901234","share":"100"}]},"collection":{"name":"OK"},"traits":{"rarity":50}},{"name":"test #2","symbol":"demo","seller_fee_basis_points":"","description":",mjnhbgfvcd","external_link":"demo","attributes":[{"traitType":"1. Mouth","value":"VeryCreepySmile"},{"traitType":"2. Eyes","value":"YeGlasses"},{"traitType":"3. Clothes","value":"VampireCape"},{"traitType":"4. Hats","value":"TrashCanLid"},{"traitType":"5. Base","value":"Undercooked"},{"traitType":"6. Background","value":"RainyDay"}],"properties":{"files":[{"uri":"2.png","type":"image/png"}],"category":"image","creators":[{"creator":"12345678901234567890123456789012345678901234","share":"100"}]},"collection":{"name":"OK"},"traits":{"rarity":50}},{"name":"test #3","symbol":"demo","seller_fee_basis_points":"","description":",mjnhbgfvcd","external_link":"demo","attributes":[{"traitType":"1. Mouth","value":"VeryCreepySmile"},{"traitType":"2. Eyes","value":"YeGlasses"},{"traitType":"3. Clothes","value":"VampireCape"},{"traitType":"4. Hats","value":"TrashCanLid"},{"traitType":"5. Base","value":"Undercooked"},{"traitType":"6. Background","value":"RainyDay"}],"properties":{"files":[{"uri":"3.png","type":"image/png"}],"category":"image","creators":[{"creator":"12345678901234567890123456789012345678901234","share":"100"}]},"collection":{"name":"OK"},"traits":{"rarity":50}},{"name":"test #4","symbol":"demo","seller_fee_basis_points":"","description":",mjnhbgfvcd","external_link":"demo","attributes":[{"traitType":"1. Mouth","value":"VeryCreepySmile"},{"traitType":"2. Eyes","value":"YeGlasses"},{"traitType":"3. Clothes","value":"VampireCape"},{"traitType":"4. Hats","value":"TrashCanLid"},{"traitType":"5. Base","value":"Undercooked"},{"traitType":"6. Background","value":"RainyDay"}],"properties":{"files":[{"uri":"4.png","type":"image/png"}],"category":"image","creators":[{"creator":"12345678901234567890123456789012345678901234","share":"100"}]},"collection":{"name":"OK"},"traits":{"rarity":50}},{"name":"test #5","symbol":"demo","seller_fee_basis_points":"","description":",mjnhbgfvcd","external_link":"demo","attributes":[{"traitType":"1. Mouth","value":"VeryCreepySmile"},{"traitType":"2. Eyes","value":"YeGlasses"},{"traitType":"3. Clothes","value":"VampireCape"},{"traitType":"4. Hats","value":"TrashCanLid"},{"traitType":"5. Base","value":"Undercooked"},{"traitType":"6. Background","value":"RainyDay"}],"properties":{"files":[{"uri":"5.png","type":"image/png"}],"category":"image","creators":[{"creator":"12345678901234567890123456789012345678901234","share":"100"}]},"collection":{"name":"OK"},"traits":{"rarity":50}},{"name":"test #6","symbol":"demo","seller_fee_basis_points":"","description":",mjnhbgfvcd","external_link":"demo","attributes":[{"traitType":"1. Mouth","value":"VeryCreepySmile"},{"traitType":"2. Eyes","value":"YeGlasses"},{"traitType":"3. Clothes","value":"VampireCape"},{"traitType":"4. Hats","value":"TrashCanLid"},{"traitType":"5. Base","value":"Undercooked"},{"traitType":"6. Background","value":"RainyDay"}],"properties":{"files":[{"uri":"6.png","type":"image/png"}],"category":"image","creators":[{"creator":"12345678901234567890123456789012345678901234","share":"100"}]},"collection":{"name":"OK"},"traits":{"rarity":50}},{"name":"test #7","symbol":"demo","seller_fee_basis_points":"","description":",mjnhbgfvcd","external_link":"demo","attributes":[{"traitType":"1. Mouth","value":"VeryCreepySmile"},{"traitType":"2. Eyes","value":"YeGlasses"},{"traitType":"3. Clothes","value":"VampireCape"},{"traitType":"4. Hats","value":"TrashCanLid"},{"traitType":"5. Base","value":"Undercooked"},{"traitType":"6. Background","value":"RainyDay"}],"properties":{"files":[{"uri":"7.png","type":"image/png"}],"category":"image","creators":[{"creator":"12345678901234567890123456789012345678901234","share":"100"}]},"collection":{"name":"OK"},"traits":{"rarity":50}},{"name":"test #8","symbol":"demo","seller_fee_basis_points":"","description":",mjnhbgfvcd","external_link":"demo","attributes":[{"traitType":"1. Mouth","value":"VeryCreepySmile"},{"traitType":"2. Eyes","value":"YeGlasses"},{"traitType":"3. Clothes","value":"VampireCape"},{"traitType":"4. Hats","value":"TrashCanLid"},{"traitType":"5. Base","value":"Undercooked"},{"traitType":"6. Background","value":"RainyDay"}],"properties":{"files":[{"uri":"8.png","type":"image/png"}],"category":"image","creators":[{"creator":"12345678901234567890123456789012345678901234","share":"100"}]},"collection":{"name":"OK"},"traits":{"rarity":50}},{"name":"test #9","symbol":"demo","seller_fee_basis_points":"","description":",mjnhbgfvcd","external_link":"demo","attributes":[{"traitType":"1. Mouth","value":"VeryCreepySmile"},{"traitType":"2. Eyes","value":"YeGlasses"},{"traitType":"3. Clothes","value":"VampireCape"},{"traitType":"4. Hats","value":"TrashCanLid"},{"traitType":"5. Base","value":"Undercooked"},{"traitType":"6. Background","value":"RainyDay"}],"properties":{"files":[{"uri":"9.png","type":"image/png"}],"category":"image","creators":[{"creator":"12345678901234567890123456789012345678901234","share":"100"}]},"collection":{"name":"OK"},"traits":{"rarity":50}},{"name":"test #10","symbol":"demo","seller_fee_basis_points":"","description":",mjnhbgfvcd","external_link":"demo","attributes":[{"traitType":"1. Mouth","value":"VeryCreepySmile"},{"traitType":"2. Eyes","value":"YeGlasses"},{"traitType":"3. Clothes","value":"VampireCape"},{"traitType":"4. Hats","value":"TrashCanLid"},{"traitType":"5. Base","value":"Undercooked"},{"traitType":"6. Background","value":"RainyDay"}],"properties":{"files":[{"uri":"10.png","type":"image/png"}],"category":"image","creators":[{"creator":"12345678901234567890123456789012345678901234","share":"100"}]},"collection":{"name":"OK"},"traits":{"rarity":50}},{"name":"test #11","symbol":"demo","seller_fee_basis_points":"","description":",mjnhbgfvcd","external_link":"demo","attributes":[{"traitType":"1. Mouth","value":"VeryCreepySmile"},{"traitType":"2. Eyes","value":"YeGlasses"},{"traitType":"3. Clothes","value":"VampireCape"},{"traitType":"4. Hats","value":"TrashCanLid"},{"traitType":"5. Base","value":"Undercooked"},{"traitType":"6. Background","value":"RainyDay"}],"properties":{"files":[{"uri":"11.png","type":"image/png"}],"category":"image","creators":[{"creator":"12345678901234567890123456789012345678901234","share":"100"}]},"collection":{"name":"OK"},"traits":{"rarity":50}},{"name":"test #12","symbol":"demo","seller_fee_basis_points":"","description":",mjnhbgfvcd","external_link":"demo","attributes":[{"traitType":"1. Mouth","value":"VeryCreepySmile"},{"traitType":"2. Eyes","value":"YeGlasses"},{"traitType":"3. Clothes","value":"VampireCape"},{"traitType":"4. Hats","value":"TrashCanLid"},{"traitType":"5. Base","value":"Undercooked"},{"traitType":"6. Background","value":"RainyDay"}],"properties":{"files":[{"uri":"12.png","type":"image/png"}],"category":"image","creators":[{"creator":"12345678901234567890123456789012345678901234","share":"100"}]},"collection":{"name":"OK"},"traits":{"rarity":50}},{"name":"test #13","symbol":"demo","seller_fee_basis_points":"","description":",mjnhbgfvcd","external_link":"demo","attributes":[{"traitType":"1. Mouth","value":"VeryCreepySmile"},{"traitType":"2. Eyes","value":"YeGlasses"},{"traitType":"3. Clothes","value":"VampireCape"},{"traitType":"4. Hats","value":"TrashCanLid"},{"traitType":"5. Base","value":"Undercooked"},{"traitType":"6. Background","value":"RainyDay"}],"properties":{"files":[{"uri":"13.png","type":"image/png"}],"category":"image","creators":[{"creator":"12345678901234567890123456789012345678901234","share":"100"}]},"collection":{"name":"OK"},"traits":{"rarity":50}},{"name":"test #14","symbol":"demo","seller_fee_basis_points":"","description":",mjnhbgfvcd","external_link":"demo","attributes":[{"traitType":"1. Mouth","value":"VeryCreepySmile"},{"traitType":"2. Eyes","value":"YeGlasses"},{"traitType":"3. Clothes","value":"VampireCape"},{"traitType":"4. Hats","value":"TrashCanLid"},{"traitType":"5. Base","value":"Undercooked"},{"traitType":"6. Background","value":"RainyDay"}],"properties":{"files":[{"uri":"14.png","type":"image/png"}],"category":"image","creators":[{"creator":"12345678901234567890123456789012345678901234","share":"100"}]},"collection":{"name":"OK"},"traits":{"rarity":50}},{"name":"test #15","symbol":"demo","seller_fee_basis_points":"","description":",mjnhbgfvcd","external_link":"demo","attributes":[{"traitType":"1. Mouth","value":"VeryCreepySmile"},{"traitType":"2. Eyes","value":"YeGlasses"},{"traitType":"3. Clothes","value":"VampireCape"},{"traitType":"4. Hats","value":"TrashCanLid"},{"traitType":"5. Base","value":"Undercooked"},{"traitType":"6. Background","value":"RainyDay"}],"properties":{"files":[{"uri":"15.png","type":"image/png"}],"category":"image","creators":[{"creator":"12345678901234567890123456789012345678901234","share":"100"}]},"collection":{"name":"OK"},"traits":{"rarity":50}},{"name":"test #16","symbol":"demo","seller_fee_basis_points":"","description":",mjnhbgfvcd","external_link":"demo","attributes":[{"traitType":"1. Mouth","value":"VeryCreepySmile"},{"traitType":"2. Eyes","value":"YeGlasses"},{"traitType":"3. Clothes","value":"VampireCape"},{"traitType":"4. Hats","value":"TrashCanLid"},{"traitType":"5. Base","value":"Undercooked"},{"traitType":"6. Background","value":"RainyDay"}],"properties":{"files":[{"uri":"16.png","type":"image/png"}],"category":"image","creators":[{"creator":"12345678901234567890123456789012345678901234","share":"100"}]},"collection":{"name":"OK"},"traits":{"rarity":50}},{"name":"test #17","symbol":"demo","seller_fee_basis_points":"","description":",mjnhbgfvcd","external_link":"demo","attributes":[{"traitType":"1. Mouth","value":"VeryCreepySmile"},{"traitType":"2. Eyes","value":"YeGlasses"},{"traitType":"3. Clothes","value":"VampireCape"},{"traitType":"4. Hats","value":"TrashCanLid"},{"traitType":"5. Base","value":"Undercooked"},{"traitType":"6. Background","value":"RainyDay"}],"properties":{"files":[{"uri":"17.png","type":"image/png"}],"category":"image","creators":[{"creator":"12345678901234567890123456789012345678901234","share":"100"}]},"collection":{"name":"OK"},"traits":{"rarity":50}},{"name":"test #18","symbol":"demo","seller_fee_basis_points":"","description":",mjnhbgfvcd","external_link":"demo","attributes":[{"traitType":"1. Mouth","value":"VeryCreepySmile"},{"traitType":"2. Eyes","value":"YeGlasses"},{"traitType":"3. Clothes","value":"VampireCape"},{"traitType":"4. Hats","value":"TrashCanLid"},{"traitType":"5. Base","value":"Undercooked"},{"traitType":"6. Background","value":"RainyDay"}],"properties":{"files":[{"uri":"18.png","type":"image/png"}],"category":"image","creators":[{"creator":"12345678901234567890123456789012345678901234","share":"100"}]},"collection":{"name":"OK"},"traits":{"rarity":50}},{"name":"test #19","symbol":"demo","seller_fee_basis_points":"","description":",mjnhbgfvcd","external_link":"demo","attributes":[{"traitType":"1. Mouth","value":"VeryCreepySmile"},{"traitType":"2. Eyes","value":"YeGlasses"},{"traitType":"3. Clothes","value":"VampireCape"},{"traitType":"4. Hats","value":"TrashCanLid"},{"traitType":"5. Base","value":"Undercooked"},{"traitType":"6. Background","value":"RainyDay"}],"properties":{"files":[{"uri":"19.png","type":"image/png"}],"category":"image","creators":[{"creator":"12345678901234567890123456789012345678901234","share":"100"}]},"collection":{"name":"OK"},"traits":{"rarity":50}},{"name":"test #20","symbol":"demo","seller_fee_basis_points":"","description":",mjnhbgfvcd","external_link":"demo","attributes":[{"traitType":"1. Mouth","value":"VeryCreepySmile"},{"traitType":"2. Eyes","value":"YeGlasses"},{"traitType":"3. Clothes","value":"VampireCape"},{"traitType":"4. Hats","value":"TrashCanLid"},{"traitType":"5. Base","value":"Undercooked"},{"traitType":"6. Background","value":"RainyDay"}],"properties":{"files":[{"uri":"20.png","type":"image/png"}],"category":"image","creators":[{"creator":"12345678901234567890123456789012345678901234","share":"100"}]},"collection":{"name":"OK"},"traits":{"rarity":50}},{"name":"test #21","symbol":"demo","seller_fee_basis_points":"","description":",mjnhbgfvcd","external_link":"demo","attributes":[{"traitType":"1. Mouth","value":"VeryCreepySmile"},{"traitType":"2. Eyes","value":"YeGlasses"},{"traitType":"3. Clothes","value":"VampireCape"},{"traitType":"4. Hats","value":"TrashCanLid"},{"traitType":"5. Base","value":"Undercooked"},{"traitType":"6. Background","value":"RainyDay"}],"properties":{"files":[{"uri":"21.png","type":"image/png"}],"category":"image","creators":[{"creator":"12345678901234567890123456789012345678901234","share":"100"}]},"collection":{"name":"OK"},"traits":{"rarity":50}},{"name":"test #22","symbol":"demo","seller_fee_basis_points":"","description":",mjnhbgfvcd","external_link":"demo","attributes":[{"traitType":"1. Mouth","value":"VeryCreepySmile"},{"traitType":"2. Eyes","value":"YeGlasses"},{"traitType":"3. Clothes","value":"VampireCape"},{"traitType":"4. Hats","value":"TrashCanLid"},{"traitType":"5. Base","value":"Undercooked"},{"traitType":"6. Background","value":"RainyDay"}],"properties":{"files":[{"uri":"22.png","type":"image/png"}],"category":"image","creators":[{"creator":"12345678901234567890123456789012345678901234","share":"100"}]},"collection":{"name":"OK"},"traits":{"rarity":50}},{"name":"test #23","symbol":"demo","seller_fee_basis_points":"","description":",mjnhbgfvcd","external_link":"demo","attributes":[{"traitType":"1. Mouth","value":"VeryCreepySmile"},{"traitType":"2. Eyes","value":"YeGlasses"},{"traitType":"3. Clothes","value":"VampireCape"},{"traitType":"4. Hats","value":"TrashCanLid"},{"traitType":"5. Base","value":"Undercooked"},{"traitType":"6. Background","value":"RainyDay"}],"properties":{"files":[{"uri":"23.png","type":"image/png"}],"category":"image","creators":[{"creator":"12345678901234567890123456789012345678901234","share":"100"}]},"collection":{"name":"OK"},"traits":{"rarity":50}},{"name":"test #24","symbol":"demo","seller_fee_basis_points":"","description":",mjnhbgfvcd","external_link":"demo","attributes":[{"traitType":"1. Mouth","value":"VeryCreepySmile"},{"traitType":"2. Eyes","value":"YeGlasses"},{"traitType":"3. Clothes","value":"VampireCape"},{"traitType":"4. Hats","value":"TrashCanLid"},{"traitType":"5. Base","value":"Undercooked"},{"traitType":"6. Background","value":"RainyDay"}],"properties":{"files":[{"uri":"24.png","type":"image/png"}],"category":"image","creators":[{"creator":"12345678901234567890123456789012345678901234","share":"100"}]},"collection":{"name":"OK"},"traits":{"rarity":50}},{"name":"test #25","symbol":"demo","seller_fee_basis_points":"","description":",mjnhbgfvcd","external_link":"demo","attributes":[{"traitType":"1. Mouth","value":"VeryCreepySmile"},{"traitType":"2. Eyes","value":"YeGlasses"},{"traitType":"3. Clothes","value":"VampireCape"},{"traitType":"4. Hats","value":"TrashCanLid"},{"traitType":"5. Base","value":"Undercooked"},{"traitType":"6. Background","value":"RainyDay"}],"properties":{"files":[{"uri":"25.png","type":"image/png"}],"category":"image","creators":[{"creator":"12345678901234567890123456789012345678901234","share":"100"}]},"collection":{"name":"OK"},"traits":{"rarity":50}},{"name":"test #26","symbol":"demo","seller_fee_basis_points":"","description":",mjnhbgfvcd","external_link":"demo","attributes":[{"traitType":"1. Mouth","value":"VeryCreepySmile"},{"traitType":"2. Eyes","value":"YeGlasses"},{"traitType":"3. Clothes","value":"VampireCape"},{"traitType":"4. Hats","value":"TrashCanLid"},{"traitType":"5. Base","value":"Undercooked"},{"traitType":"6. Background","value":"RainyDay"}],"properties":{"files":[{"uri":"26.png","type":"image/png"}],"category":"image","creators":[{"creator":"12345678901234567890123456789012345678901234","share":"100"}]},"collection":{"name":"OK"},"traits":{"rarity":50}},{"name":"test #27","symbol":"demo","seller_fee_basis_points":"","description":",mjnhbgfvcd","external_link":"demo","attributes":[{"traitType":"1. Mouth","value":"VeryCreepySmile"},{"traitType":"2. Eyes","value":"YeGlasses"},{"traitType":"3. Clothes","value":"VampireCape"},{"traitType":"4. Hats","value":"TrashCanLid"},{"traitType":"5. Base","value":"Undercooked"},{"traitType":"6. Background","value":"RainyDay"}],"properties":{"files":[{"uri":"27.png","type":"image/png"}],"category":"image","creators":[{"creator":"12345678901234567890123456789012345678901234","share":"100"}]},"collection":{"name":"OK"},"traits":{"rarity":50}},{"name":"test #28","symbol":"demo","seller_fee_basis_points":"","description":",mjnhbgfvcd","external_link":"demo","attributes":[{"traitType":"1. Mouth","value":"VeryCreepySmile"},{"traitType":"2. Eyes","value":"YeGlasses"},{"traitType":"3. Clothes","value":"VampireCape"},{"traitType":"4. Hats","value":"TrashCanLid"},{"traitType":"5. Base","value":"Undercooked"},{"traitType":"6. Background","value":"RainyDay"}],"properties":{"files":[{"uri":"28.png","type":"image/png"}],"category":"image","creators":[{"creator":"12345678901234567890123456789012345678901234","share":"100"}]},"collection":{"name":"OK"},"traits":{"rarity":50}},{"name":"test #29","symbol":"demo","seller_fee_basis_points":"","description":",mjnhbgfvcd","external_link":"demo","attributes":[{"traitType":"1. Mouth","value":"ThiccLips"},{"traitType":"2. Eyes","value":"YeGlasses"},{"traitType":"3. Clothes","value":"VampireCape"},{"traitType":"4. Hats","value":"TrashCanLid"},{"traitType":"5. Base","value":"Undercooked"},{"traitType":"6. Background","value":"RainyDay"}],"properties":{"files":[{"uri":"29.png","type":"image/png"}],"category":"image","creators":[{"creator":"12345678901234567890123456789012345678901234","share":"100"}]},"collection":{"name":"OK"},"traits":{"rarity":50}},{"name":"test #30","symbol":"demo","seller_fee_basis_points":"","description":",mjnhbgfvcd","external_link":"demo","attributes":[{"traitType":"1. Mouth","value":"VeryCreepySmile"},{"traitType":"2. Eyes","value":"YeGlasses"},{"traitType":"3. Clothes","value":"VampireCape"},{"traitType":"4. Hats","value":"TrashCanLid"},{"traitType":"5. Base","value":"Undercooked"},{"traitType":"6. Background","value":"RainyDay"}],"properties":{"files":[{"uri":"30.png","type":"image/png"}],"category":"image","creators":[{"creator":"12345678901234567890123456789012345678901234","share":"100"}]},"collection":{"name":"OK"},"traits":{"rarity":50}},{"name":"test #31","symbol":"demo","seller_fee_basis_points":"","description":",mjnhbgfvcd","external_link":"demo","attributes":[{"traitType":"1. Mouth","value":"VeryCreepySmile"},{"traitType":"2. Eyes","value":"YeGlasses"},{"traitType":"3. Clothes","value":"VampireCape"},{"traitType":"4. Hats","value":"TrashCanLid"},{"traitType":"5. Base","value":"Undercooked"},{"traitType":"6. Background","value":"RainyDay"}],"properties":{"files":[{"uri":"31.png","type":"image/png"}],"category":"image","creators":[{"creator":"12345678901234567890123456789012345678901234","share":"100"}]},"collection":{"name":"OK"},"traits":{"rarity":50}},{"name":"test #32","symbol":"demo","seller_fee_basis_points":"","description":",mjnhbgfvcd","external_link":"demo","attributes":[{"traitType":"1. Mouth","value":"VeryCreepySmile"},{"traitType":"2. Eyes","value":"YeGlasses"},{"traitType":"3. Clothes","value":"VampireCape"},{"traitType":"4. Hats","value":"TrashCanLid"},{"traitType":"5. Base","value":"Undercooked"},{"traitType":"6. Background","value":"RainyDay"}],"properties":{"files":[{"uri":"32.png","type":"image/png"}],"category":"image","creators":[{"creator":"12345678901234567890123456789012345678901234","share":"100"}]},"collection":{"name":"OK"},"traits":{"rarity":50}},{"name":"test #33","symbol":"demo","seller_fee_basis_points":"","description":",mjnhbgfvcd","external_link":"demo","attributes":[{"traitType":"1. Mouth","value":"VeryCreepySmile"},{"traitType":"2. Eyes","value":"YeGlasses"},{"traitType":"3. Clothes","value":"VampireCape"},{"traitType":"4. Hats","value":"TrashCanLid"},{"traitType":"5. Base","value":"Undercooked"},{"traitType":"6. Background","value":"RainyDay"}],"properties":{"files":[{"uri":"33.png","type":"image/png"}],"category":"image","creators":[{"creator":"12345678901234567890123456789012345678901234","share":"100"}]},"collection":{"name":"OK"},"traits":{"rarity":50}},{"name":"test #34","symbol":"demo","seller_fee_basis_points":"","description":",mjnhbgfvcd","external_link":"demo","attributes":[{"traitType":"1. Mouth","value":"VeryCreepySmile"},{"traitType":"2. Eyes","value":"YeGlasses"},{"traitType":"3. Clothes","value":"VampireCape"},{"traitType":"4. Hats","value":"TrashCanLid"},{"traitType":"5. Base","value":"Undercooked"},{"traitType":"6. Background","value":"RainyDay"}],"properties":{"files":[{"uri":"34.png","type":"image/png"}],"category":"image","creators":[{"creator":"12345678901234567890123456789012345678901234","share":"100"}]},"collection":{"name":"OK"},"traits":{"rarity":50}},{"name":"test #35","symbol":"demo","seller_fee_basis_points":"","description":",mjnhbgfvcd","external_link":"demo","attributes":[{"traitType":"1. Mouth","value":"VeryCreepySmile"},{"traitType":"2. Eyes","value":"YeGlasses"},{"traitType":"3. Clothes","value":"VampireCape"},{"traitType":"4. Hats","value":"TrashCanLid"},{"traitType":"5. Base","value":"Undercooked"},{"traitType":"6. Background","value":"RainyDay"}],"properties":{"files":[{"uri":"35.png","type":"image/png"}],"category":"image","creators":[{"creator":"12345678901234567890123456789012345678901234","share":"100"}]},"collection":{"name":"OK"},"traits":{"rarity":50}},{"name":"test #36","symbol":"demo","seller_fee_basis_points":"","description":",mjnhbgfvcd","external_link":"demo","attributes":[{"traitType":"1. Mouth","value":"VeryCreepySmile"},{"traitType":"2. Eyes","value":"YeGlasses"},{"traitType":"3. Clothes","value":"VampireCape"},{"traitType":"4. Hats","value":"TrashCanLid"},{"traitType":"5. Base","value":"Undercooked"},{"traitType":"6. Background","value":"RainyDay"}],"properties":{"files":[{"uri":"36.png","type":"image/png"}],"category":"image","creators":[{"creator":"12345678901234567890123456789012345678901234","share":"100"}]},"collection":{"name":"OK"},"traits":{"rarity":50}},{"name":"test #37","symbol":"demo","seller_fee_basis_points":"","description":",mjnhbgfvcd","external_link":"demo","attributes":[{"traitType":"1. Mouth","value":"VeryCreepySmile"},{"traitType":"2. Eyes","value":"YeGlasses"},{"traitType":"3. Clothes","value":"VampireCape"},{"traitType":"4. Hats","value":"TrashCanLid"},{"traitType":"5. Base","value":"Undercooked"},{"traitType":"6. Background","value":"RainyDay"}],"properties":{"files":[{"uri":"37.png","type":"image/png"}],"category":"image","creators":[{"creator":"12345678901234567890123456789012345678901234","share":"100"}]},"collection":{"name":"OK"},"traits":{"rarity":50}},{"name":"test #38","symbol":"demo","seller_fee_basis_points":"","description":",mjnhbgfvcd","external_link":"demo","attributes":[{"traitType":"1. Mouth","value":"VeryCreepySmile"},{"traitType":"2. Eyes","value":"YeGlasses"},{"traitType":"3. Clothes","value":"VampireCape"},{"traitType":"4. Hats","value":"TrashCanLid"},{"traitType":"5. Base","value":"Undercooked"},{"traitType":"6. Background","value":"RainyDay"}],"properties":{"files":[{"uri":"38.png","type":"image/png"}],"category":"image","creators":[{"creator":"12345678901234567890123456789012345678901234","share":"100"}]},"collection":{"name":"OK"},"traits":{"rarity":50}},{"name":"test #39","symbol":"demo","seller_fee_basis_points":"","description":",mjnhbgfvcd","external_link":"demo","attributes":[{"traitType":"1. Mouth","value":"VeryCreepySmile"},{"traitType":"2. Eyes","value":"YeGlasses"},{"traitType":"3. Clothes","value":"VampireCape"},{"traitType":"4. Hats","value":"TrashCanLid"},{"traitType":"5. Base","value":"Undercooked"},{"traitType":"6. Background","value":"RainyDay"}],"properties":{"files":[{"uri":"39.png","type":"image/png"}],"category":"image","creators":[{"creator":"12345678901234567890123456789012345678901234","share":"100"}]},"collection":{"name":"OK"},"traits":{"rarity":50}},{"name":"test #40","symbol":"demo","seller_fee_basis_points":"","description":",mjnhbgfvcd","external_link":"demo","attributes":[{"traitType":"1. Mouth","value":"VeryCreepySmile"},{"traitType":"2. Eyes","value":"YeGlasses"},{"traitType":"3. Clothes","value":"VampireCape"},{"traitType":"4. Hats","value":"TrashCanLid"},{"traitType":"5. Base","value":"Undercooked"},{"traitType":"6. Background","value":"RainyDay"}],"properties":{"files":[{"uri":"40.png","type":"image/png"}],"category":"image","creators":[{"creator":"12345678901234567890123456789012345678901234","share":"100"}]},"collection":{"name":"OK"},"traits":{"rarity":50}},{"name":"test #41","symbol":"demo","seller_fee_basis_points":"","description":",mjnhbgfvcd","external_link":"demo","attributes":[{"traitType":"1. Mouth","value":"VeryCreepySmile"},{"traitType":"2. Eyes","value":"YeGlasses"},{"traitType":"3. Clothes","value":"VampireCape"},{"traitType":"4. Hats","value":"TrashCanLid"},{"traitType":"5. Base","value":"Undercooked"},{"traitType":"6. Background","value":"RainyDay"}],"properties":{"files":[{"uri":"41.png","type":"image/png"}],"category":"image","creators":[{"creator":"12345678901234567890123456789012345678901234","share":"100"}]},"collection":{"name":"OK"},"traits":{"rarity":50}},{"name":"test #42","symbol":"demo","seller_fee_basis_points":"","description":",mjnhbgfvcd","external_link":"demo","attributes":[{"traitType":"1. Mouth","value":"VeryCreepySmile"},{"traitType":"2. Eyes","value":"YeGlasses"},{"traitType":"3. Clothes","value":"VampireCape"},{"traitType":"4. Hats","value":"TrashCanLid"},{"traitType":"5. Base","value":"Undercooked"},{"traitType":"6. Background","value":"RainyDay"}],"properties":{"files":[{"uri":"42.png","type":"image/png"}],"category":"image","creators":[{"creator":"12345678901234567890123456789012345678901234","share":"100"}]},"collection":{"name":"OK"},"traits":{"rarity":50}},{"name":"test #43","symbol":"demo","seller_fee_basis_points":"","description":",mjnhbgfvcd","external_link":"demo","attributes":[{"traitType":"1. Mouth","value":"VeryCreepySmile"},{"traitType":"2. Eyes","value":"YeGlasses"},{"traitType":"3. Clothes","value":"VampireCape"},{"traitType":"4. Hats","value":"TrashCanLid"},{"traitType":"5. Base","value":"Undercooked"},{"traitType":"6. Background","value":"RainyDay"}],"properties":{"files":[{"uri":"43.png","type":"image/png"}],"category":"image","creators":[{"creator":"12345678901234567890123456789012345678901234","share":"100"}]},"collection":{"name":"OK"},"traits":{"rarity":50}},{"name":"test #44","symbol":"demo","seller_fee_basis_points":"","description":",mjnhbgfvcd","external_link":"demo","attributes":[{"traitType":"1. Mouth","value":"VeryCreepySmile"},{"traitType":"2. Eyes","value":"YeGlasses"},{"traitType":"3. Clothes","value":"VampireCape"},{"traitType":"4. Hats","value":"TrashCanLid"},{"traitType":"5. Base","value":"Undercooked"},{"traitType":"6. Background","value":"RainyDay"}],"properties":{"files":[{"uri":"44.png","type":"image/png"}],"category":"image","creators":[{"creator":"12345678901234567890123456789012345678901234","share":"100"}]},"collection":{"name":"OK"},"traits":{"rarity":50}},{"name":"test #45","symbol":"demo","seller_fee_basis_points":"","description":",mjnhbgfvcd","external_link":"demo","attributes":[{"traitType":"1. Mouth","value":"VeryCreepySmile"},{"traitType":"2. Eyes","value":"YeGlasses"},{"traitType":"3. Clothes","value":"VampireCape"},{"traitType":"4. Hats","value":"TrashCanLid"},{"traitType":"5. Base","value":"Undercooked"},{"traitType":"6. Background","value":"RainyDay"}],"properties":{"files":[{"uri":"45.png","type":"image/png"}],"category":"image","creators":[{"creator":"12345678901234567890123456789012345678901234","share":"100"}]},"collection":{"name":"OK"},"traits":{"rarity":50}},{"name":"test #46","symbol":"demo","seller_fee_basis_points":"","description":",mjnhbgfvcd","external_link":"demo","attributes":[{"traitType":"1. Mouth","value":"VeryCreepySmile"},{"traitType":"2. Eyes","value":"YeGlasses"},{"traitType":"3. Clothes","value":"VampireCape"},{"traitType":"4. Hats","value":"TrashCanLid"},{"traitType":"5. Base","value":"Undercooked"},{"traitType":"6. Background","value":"RainyDay"}],"properties":{"files":[{"uri":"46.png","type":"image/png"}],"category":"image","creators":[{"creator":"12345678901234567890123456789012345678901234","share":"100"}]},"collection":{"name":"OK"},"traits":{"rarity":50}},{"name":"test #47","symbol":"demo","seller_fee_basis_points":"","description":",mjnhbgfvcd","external_link":"demo","attributes":[{"traitType":"1. Mouth","value":"VeryCreepySmile"},{"traitType":"2. Eyes","value":"YeGlasses"},{"traitType":"3. Clothes","value":"VampireCape"},{"traitType":"4. Hats","value":"TrashCanLid"},{"traitType":"5. Base","value":"Undercooked"},{"traitType":"6. Background","value":"RainyDay"}],"properties":{"files":[{"uri":"47.png","type":"image/png"}],"category":"image","creators":[{"creator":"12345678901234567890123456789012345678901234","share":"100"}]},"collection":{"name":"OK"},"traits":{"rarity":50}},{"name":"test #48","symbol":"demo","seller_fee_basis_points":"","description":",mjnhbgfvcd","external_link":"demo","attributes":[{"traitType":"1. Mouth","value":"VeryCreepySmile"},{"traitType":"2. Eyes","value":"YeGlasses"},{"traitType":"3. Clothes","value":"VampireCape"},{"traitType":"4. Hats","value":"TrashCanLid"},{"traitType":"5. Base","value":"Undercooked"},{"traitType":"6. Background","value":"RainyDay"}],"properties":{"files":[{"uri":"48.png","type":"image/png"}],"category":"image","creators":[{"creator":"12345678901234567890123456789012345678901234","share":"100"}]},"collection":{"name":"OK"},"traits":{"rarity":50}},{"name":"test #49","symbol":"demo","seller_fee_basis_points":"","description":",mjnhbgfvcd","external_link":"demo","attributes":[{"traitType":"1. Mouth","value":"VeryCreepySmile"},{"traitType":"2. Eyes","value":"X"},{"traitType":"3. Clothes","value":"VampireCape"},{"traitType":"4. Hats","value":"TrashCanLid"},{"traitType":"5. Base","value":"Undercooked"},{"traitType":"6. Background","value":"RainyDay"}],"properties":{"files":[{"uri":"49.png","type":"image/png"}],"category":"image","creators":[{"creator":"12345678901234567890123456789012345678901234","share":"100"}]},"collection":{"name":"OK"},"traits":{"rarity":50}},{"name":"test #50","symbol":"demo","seller_fee_basis_points":"","description":",mjnhbgfvcd","external_link":"demo","attributes":[{"traitType":"1. Mouth","value":"VeryCreepySmile"},{"traitType":"2. Eyes","value":"YeGlasses"},{"traitType":"3. Clothes","value":"VampireCape"},{"traitType":"4. Hats","value":"TrashCanLid"},{"traitType":"5. Base","value":"Undercooked"},{"traitType":"6. Background","value":"RainyDay"}],"properties":{"files":[{"uri":"50.png","type":"image/png"}],"category":"image","creators":[{"creator":"12345678901234567890123456789012345678901234","share":"100"}]},"collection":{"name":"OK"},"traits":{"rarity":50}},{"name":"test #51","symbol":"demo","seller_fee_basis_points":"","description":",mjnhbgfvcd","external_link":"demo","attributes":[{"traitType":"1. Mouth","value":"VeryCreepySmile"},{"traitType":"2. Eyes","value":"YeGlasses"},{"traitType":"3. Clothes","value":"VampireCape"},{"traitType":"4. Hats","value":"TrashCanLid"},{"traitType":"5. Base","value":"Undercooked"},{"traitType":"6. Background","value":"RainyDay"}],"properties":{"files":[{"uri":"51.png","type":"image/png"}],"category":"image","creators":[{"creator":"12345678901234567890123456789012345678901234","share":"100"}]},"collection":{"name":"OK"},"traits":{"rarity":50}},{"name":"test #52","symbol":"demo","seller_fee_basis_points":"","description":",mjnhbgfvcd","external_link":"demo","attributes":[{"traitType":"1. Mouth","value":"VeryCreepySmile"},{"traitType":"2. Eyes","value":"YeGlasses"},{"traitType":"3. Clothes","value":"VampireCape"},{"traitType":"4. Hats","value":"TrashCanLid"},{"traitType":"5. Base","value":"Undercooked"},{"traitType":"6. Background","value":"RainyDay"}],"properties":{"files":[{"uri":"52.png","type":"image/png"}],"category":"image","creators":[{"creator":"12345678901234567890123456789012345678901234","share":"100"}]},"collection":{"name":"OK"},"traits":{"rarity":50}},{"name":"test #53","symbol":"demo","seller_fee_basis_points":"","description":",mjnhbgfvcd","external_link":"demo","attributes":[{"traitType":"1. Mouth","value":"VeryCreepySmile"},{"traitType":"2. Eyes","value":"YeGlasses"},{"traitType":"3. Clothes","value":"VampireCape"},{"traitType":"4. Hats","value":"TrashCanLid"},{"traitType":"5. Base","value":"Undercooked"},{"traitType":"6. Background","value":"RainyDay"}],"properties":{"files":[{"uri":"53.png","type":"image/png"}],"category":"image","creators":[{"creator":"12345678901234567890123456789012345678901234","share":"100"}]},"collection":{"name":"OK"},"traits":{"rarity":50}},{"name":"test #54","symbol":"demo","seller_fee_basis_points":"","description":",mjnhbgfvcd","external_link":"demo","attributes":[{"traitType":"1. Mouth","value":"VeryCreepySmile"},{"traitType":"2. Eyes","value":"YeGlasses"},{"traitType":"3. Clothes","value":"VampireCape"},{"traitType":"4. Hats","value":"TrashCanLid"},{"traitType":"5. Base","value":"Undercooked"},{"traitType":"6. Background","value":"RainyDay"}],"properties":{"files":[{"uri":"54.png","type":"image/png"}],"category":"image","creators":[{"creator":"12345678901234567890123456789012345678901234","share":"100"}]},"collection":{"name":"OK"},"traits":{"rarity":50}},{"name":"test #55","symbol":"demo","seller_fee_basis_points":"","description":",mjnhbgfvcd","external_link":"demo","attributes":[{"traitType":"1. Mouth","value":"VeryCreepySmile"},{"traitType":"2. Eyes","value":"YeGlasses"},{"traitType":"3. Clothes","value":"VampireCape"},{"traitType":"4. Hats","value":"TrashCanLid"},{"traitType":"5. Base","value":"Undercooked"},{"traitType":"6. Background","value":"RainyDay"}],"properties":{"files":[{"uri":"55.png","type":"image/png"}],"category":"image","creators":[{"creator":"12345678901234567890123456789012345678901234","share":"100"}]},"collection":{"name":"OK"},"traits":{"rarity":50}},{"name":"test #56","symbol":"demo","seller_fee_basis_points":"","description":",mjnhbgfvcd","external_link":"demo","attributes":[{"traitType":"1. Mouth","value":"VeryCreepySmile"},{"traitType":"2. Eyes","value":"YeGlasses"},{"traitType":"3. Clothes","value":"VampireCape"},{"traitType":"4. Hats","value":"TrashCanLid"},{"traitType":"5. Base","value":"Undercooked"},{"traitType":"6. Background","value":"RainyDay"}],"properties":{"files":[{"uri":"56.png","type":"image/png"}],"category":"image","creators":[{"creator":"12345678901234567890123456789012345678901234","share":"100"}]},"collection":{"name":"OK"},"traits":{"rarity":50}},{"name":"test #57","symbol":"demo","seller_fee_basis_points":"","description":",mjnhbgfvcd","external_link":"demo","attributes":[{"traitType":"1. Mouth","value":"VeryCreepySmile"},{"traitType":"2. Eyes","value":"YeGlasses"},{"traitType":"3. Clothes","value":"VampireCape"},{"traitType":"4. Hats","value":"TrashCanLid"},{"traitType":"5. Base","value":"Undercooked"},{"traitType":"6. Background","value":"RainyDay"}],"properties":{"files":[{"uri":"57.png","type":"image/png"}],"category":"image","creators":[{"creator":"12345678901234567890123456789012345678901234","share":"100"}]},"collection":{"name":"OK"},"traits":{"rarity":50}},{"name":"test #58","symbol":"demo","seller_fee_basis_points":"","description":",mjnhbgfvcd","external_link":"demo","attributes":[{"traitType":"1. Mouth","value":"VeryCreepySmile"},{"traitType":"2. Eyes","value":"YeGlasses"},{"traitType":"3. Clothes","value":"VampireCape"},{"traitType":"4. Hats","value":"TrashCanLid"},{"traitType":"5. Base","value":"Undercooked"},{"traitType":"6. Background","value":"RainyDay"}],"properties":{"files":[{"uri":"58.png","type":"image/png"}],"category":"image","creators":[{"creator":"12345678901234567890123456789012345678901234","share":"100"}]},"collection":{"name":"OK"},"traits":{"rarity":50}},{"name":"test #59","symbol":"demo","seller_fee_basis_points":"","description":",mjnhbgfvcd","external_link":"demo","attributes":[{"traitType":"1. Mouth","value":"VeryCreepySmile"},{"traitType":"2. Eyes","value":"YeGlasses"},{"traitType":"3. Clothes","value":"VampireCape"},{"traitType":"4. Hats","value":"TrashCanLid"},{"traitType":"5. Base","value":"Undercooked"},{"traitType":"6. Background","value":"Purple"}],"properties":{"files":[{"uri":"59.png","type":"image/png"}],"category":"image","creators":[{"creator":"12345678901234567890123456789012345678901234","share":"100"}]},"collection":{"name":"OK"},"traits":{"rarity":50}},{"name":"test #60","symbol":"demo","seller_fee_basis_points":"","description":",mjnhbgfvcd","external_link":"demo","attributes":[{"traitType":"1. Mouth","value":"VeryCreepySmile"},{"traitType":"2. Eyes","value":"YeGlasses"},{"traitType":"3. Clothes","value":"VampireCape"},{"traitType":"4. Hats","value":"TrashCanLid"},{"traitType":"5. Base","value":"Undercooked"},{"traitType":"6. Background","value":"RainyDay"}],"properties":{"files":[{"uri":"60.png","type":"image/png"}],"category":"image","creators":[{"creator":"12345678901234567890123456789012345678901234","share":"100"}]},"collection":{"name":"OK"},"traits":{"rarity":50}},{"name":"test #61","symbol":"demo","seller_fee_basis_points":"","description":",mjnhbgfvcd","external_link":"demo","attributes":[{"traitType":"1. Mouth","value":"VeryCreepySmile"},{"traitType":"2. Eyes","value":"YeGlasses"},{"traitType":"3. Clothes","value":"VampireCape"},{"traitType":"4. Hats","value":"TrashCanLid"},{"traitType":"5. Base","value":"Undercooked"},{"traitType":"6. Background","value":"RainyDay"}],"properties":{"files":[{"uri":"61.png","type":"image/png"}],"category":"image","creators":[{"creator":"12345678901234567890123456789012345678901234","share":"100"}]},"collection":{"name":"OK"},"traits":{"rarity":50}},{"name":"test #62","symbol":"demo","seller_fee_basis_points":"","description":",mjnhbgfvcd","external_link":"demo","attributes":[{"traitType":"1. Mouth","value":"VeryCreepySmile"},{"traitType":"2. Eyes","value":"YeGlasses"},{"traitType":"3. Clothes","value":"VampireCape"},{"traitType":"4. Hats","value":"TrashCanLid"},{"traitType":"5. Base","value":"Undercooked"},{"traitType":"6. Background","value":"RainyDay"}],"properties":{"files":[{"uri":"62.png","type":"image/png"}],"category":"image","creators":[{"creator":"12345678901234567890123456789012345678901234","share":"100"}]},"collection":{"name":"OK"},"traits":{"rarity":50}},{"name":"test #63","symbol":"demo","seller_fee_basis_points":"","description":",mjnhbgfvcd","external_link":"demo","attributes":[{"traitType":"1. Mouth","value":"VeryCreepySmile"},{"traitType":"2. Eyes","value":"YeGlasses"},{"traitType":"3. Clothes","value":"VampireCape"},{"traitType":"4. Hats","value":"TrashCanLid"},{"traitType":"5. Base","value":"Undercooked"},{"traitType":"6. Background","value":"RainyDay"}],"properties":{"files":[{"uri":"63.png","type":"image/png"}],"category":"image","creators":[{"creator":"12345678901234567890123456789012345678901234","share":"100"}]},"collection":{"name":"OK"},"traits":{"rarity":50}},{"name":"test #64","symbol":"demo","seller_fee_basis_points":"","description":",mjnhbgfvcd","external_link":"demo","attributes":[{"traitType":"1. Mouth","value":"VeryCreepySmile"},{"traitType":"2. Eyes","value":"YeGlasses"},{"traitType":"3. Clothes","value":"VampireCape"},{"traitType":"4. Hats","value":"TrashCanLid"},{"traitType":"5. Base","value":"Undercooked"},{"traitType":"6. Background","value":"RainyDay"}],"properties":{"files":[{"uri":"64.png","type":"image/png"}],"category":"image","creators":[{"creator":"12345678901234567890123456789012345678901234","share":"100"}]},"collection":{"name":"OK"},"traits":{"rarity":50}},{"name":"test #65","symbol":"demo","seller_fee_basis_points":"","description":",mjnhbgfvcd","external_link":"demo","attributes":[{"traitType":"1. Mouth","value":"VeryCreepySmile"},{"traitType":"2. Eyes","value":"YeGlasses"},{"traitType":"3. Clothes","value":"VampireCape"},{"traitType":"4. Hats","value":"TrashCanLid"},{"traitType":"5. Base","value":"Undercooked"},{"traitType":"6. Background","value":"RainyDay"}],"properties":{"files":[{"uri":"65.png","type":"image/png"}],"category":"image","creators":[{"creator":"12345678901234567890123456789012345678901234","share":"100"}]},"collection":{"name":"OK"},"traits":{"rarity":50}},{"name":"test #66","symbol":"demo","seller_fee_basis_points":"","description":",mjnhbgfvcd","external_link":"demo","attributes":[{"traitType":"1. Mouth","value":"VeryCreepySmile"},{"traitType":"2. Eyes","value":"YeGlasses"},{"traitType":"3. Clothes","value":"VampireCape"},{"traitType":"4. Hats","value":"TrashCanLid"},{"traitType":"5. Base","value":"Undercooked"},{"traitType":"6. Background","value":"RainyDay"}],"properties":{"files":[{"uri":"66.png","type":"image/png"}],"category":"image","creators":[{"creator":"12345678901234567890123456789012345678901234","share":"100"}]},"collection":{"name":"OK"},"traits":{"rarity":50}},{"name":"test #67","symbol":"demo","seller_fee_basis_points":"","description":",mjnhbgfvcd","external_link":"demo","attributes":[{"traitType":"1. Mouth","value":"VeryCreepySmile"},{"traitType":"2. Eyes","value":"YeGlasses"},{"traitType":"3. Clothes","value":"VampireCape"},{"traitType":"4. Hats","value":"TrashCanLid"},{"traitType":"5. Base","value":"Undercooked"},{"traitType":"6. Background","value":"RainyDay"}],"properties":{"files":[{"uri":"67.png","type":"image/png"}],"category":"image","creators":[{"creator":"12345678901234567890123456789012345678901234","share":"100"}]},"collection":{"name":"OK"},"traits":{"rarity":50}},{"name":"test #68","symbol":"demo","seller_fee_basis_points":"","description":",mjnhbgfvcd","external_link":"demo","attributes":[{"traitType":"1. Mouth","value":"VeryCreepySmile"},{"traitType":"2. Eyes","value":"YeGlasses"},{"traitType":"3. Clothes","value":"VampireCape"},{"traitType":"4. Hats","value":"IkeaHeadband"},{"traitType":"5. Base","value":"Undercooked"},{"traitType":"6. Background","value":"RainyDay"}],"properties":{"files":[{"uri":"68.png","type":"image/png"}],"category":"image","creators":[{"creator":"12345678901234567890123456789012345678901234","share":"100"}]},"collection":{"name":"OK"},"traits":{"rarity":50}},{"name":"test #69","symbol":"demo","seller_fee_basis_points":"","description":",mjnhbgfvcd","external_link":"demo","attributes":[{"traitType":"1. Mouth","value":"VeryCreepySmile"},{"traitType":"2. Eyes","value":"YeGlasses"},{"traitType":"3. Clothes","value":"VampireCape"},{"traitType":"4. Hats","value":"TrashCanLid"},{"traitType":"5. Base","value":"Undercooked"},{"traitType":"6. Background","value":"RainyDay"}],"properties":{"files":[{"uri":"69.png","type":"image/png"}],"category":"image","creators":[{"creator":"12345678901234567890123456789012345678901234","share":"100"}]},"collection":{"name":"OK"},"traits":{"rarity":50}},{"name":"test #70","symbol":"demo","seller_fee_basis_points":"","description":",mjnhbgfvcd","external_link":"demo","attributes":[{"traitType":"1. Mouth","value":"VeryCreepySmile"},{"traitType":"2. Eyes","value":"YeGlasses"},{"traitType":"3. Clothes","value":"VampireCape"},{"traitType":"4. Hats","value":"TrashCanLid"},{"traitType":"5. Base","value":"Undercooked"},{"traitType":"6. Background","value":"RainyDay"}],"properties":{"files":[{"uri":"70.png","type":"image/png"}],"category":"image","creators":[{"creator":"12345678901234567890123456789012345678901234","share":"100"}]},"collection":{"name":"OK"},"traits":{"rarity":50}},{"name":"test #71","symbol":"demo","seller_fee_basis_points":"","description":",mjnhbgfvcd","external_link":"demo","attributes":[{"traitType":"1. Mouth","value":"VeryCreepySmile"},{"traitType":"2. Eyes","value":"YeGlasses"},{"traitType":"3. Clothes","value":"VampireCape"},{"traitType":"4. Hats","value":"TrashCanLid"},{"traitType":"5. Base","value":"Undercooked"},{"traitType":"6. Background","value":"RainyDay"}],"properties":{"files":[{"uri":"71.png","type":"image/png"}],"category":"image","creators":[{"creator":"12345678901234567890123456789012345678901234","share":"100"}]},"collection":{"name":"OK"},"traits":{"rarity":50}},{"name":"test #72","symbol":"demo","seller_fee_basis_points":"","description":",mjnhbgfvcd","external_link":"demo","attributes":[{"traitType":"1. Mouth","value":"VeryCreepySmile"},{"traitType":"2. Eyes","value":"YeGlasses"},{"traitType":"3. Clothes","value":"VampireCape"},{"traitType":"4. Hats","value":"TrashCanLid"},{"traitType":"5. Base","value":"Undercooked"},{"traitType":"6. Background","value":"RainyDay"}],"properties":{"files":[{"uri":"72.png","type":"image/png"}],"category":"image","creators":[{"creator":"12345678901234567890123456789012345678901234","share":"100"}]},"collection":{"name":"OK"},"traits":{"rarity":50}},{"name":"test #73","symbol":"demo","seller_fee_basis_points":"","description":",mjnhbgfvcd","external_link":"demo","attributes":[{"traitType":"1. Mouth","value":"VeryCreepySmile"},{"traitType":"2. Eyes","value":"YeGlasses"},{"traitType":"3. Clothes","value":"VampireCape"},{"traitType":"4. Hats","value":"TrashCanLid"},{"traitType":"5. Base","value":"Undercooked"},{"traitType":"6. Background","value":"RainyDay"}],"properties":{"files":[{"uri":"73.png","type":"image/png"}],"category":"image","creators":[{"creator":"12345678901234567890123456789012345678901234","share":"100"}]},"collection":{"name":"OK"},"traits":{"rarity":50}},{"name":"test #74","symbol":"demo","seller_fee_basis_points":"","description":",mjnhbgfvcd","external_link":"demo","attributes":[{"traitType":"1. Mouth","value":"VeryCreepySmile"},{"traitType":"2. Eyes","value":"YeGlasses"},{"traitType":"3. Clothes","value":"VampireCape"},{"traitType":"4. Hats","value":"TrashCanLid"},{"traitType":"5. Base","value":"Undercooked"},{"traitType":"6. Background","value":"RainyDay"}],"properties":{"files":[{"uri":"74.png","type":"image/png"}],"category":"image","creators":[{"creator":"12345678901234567890123456789012345678901234","share":"100"}]},"collection":{"name":"OK"},"traits":{"rarity":50}},{"name":"test #75","symbol":"demo","seller_fee_basis_points":"","description":",mjnhbgfvcd","external_link":"demo","attributes":[{"traitType":"1. Mouth","value":"VeryCreepySmile"},{"traitType":"2. Eyes","value":"YeGlasses"},{"traitType":"3. Clothes","value":"VampireCape"},{"traitType":"4. Hats","value":"TrashCanLid"},{"traitType":"5. Base","value":"Undercooked"},{"traitType":"6. Background","value":"RainyDay"}],"properties":{"files":[{"uri":"75.png","type":"image/png"}],"category":"image","creators":[{"creator":"12345678901234567890123456789012345678901234","share":"100"}]},"collection":{"name":"OK"},"traits":{"rarity":50}},{"name":"test #76","symbol":"demo","seller_fee_basis_points":"","description":",mjnhbgfvcd","external_link":"demo","attributes":[{"traitType":"1. Mouth","value":"VeryCreepySmile"},{"traitType":"2. Eyes","value":"YeGlasses"},{"traitType":"3. Clothes","value":"VampireCape"},{"traitType":"4. Hats","value":"TrashCanLid"},{"traitType":"5. Base","value":"Undercooked"},{"traitType":"6. Background","value":"RainyDay"}],"properties":{"files":[{"uri":"76.png","type":"image/png"}],"category":"image","creators":[{"creator":"12345678901234567890123456789012345678901234","share":"100"}]},"collection":{"name":"OK"},"traits":{"rarity":50}},{"name":"test #77","symbol":"demo","seller_fee_basis_points":"","description":",mjnhbgfvcd","external_link":"demo","attributes":[{"traitType":"1. Mouth","value":"VeryCreepySmile"},{"traitType":"2. Eyes","value":"YeGlasses"},{"traitType":"3. Clothes","value":"VampireCape"},{"traitType":"4. Hats","value":"TrashCanLid"},{"traitType":"5. Base","value":"Undercooked"},{"traitType":"6. Background","value":"RainyDay"}],"properties":{"files":[{"uri":"77.png","type":"image/png"}],"category":"image","creators":[{"creator":"12345678901234567890123456789012345678901234","share":"100"}]},"collection":{"name":"OK"},"traits":{"rarity":50}},{"name":"test #78","symbol":"demo","seller_fee_basis_points":"","description":",mjnhbgfvcd","external_link":"demo","attributes":[{"traitType":"1. Mouth","value":"VeryCreepySmile"},{"traitType":"2. Eyes","value":"YeGlasses"},{"traitType":"3. Clothes","value":"VampireCape"},{"traitType":"4. Hats","value":"TrashCanLid"},{"traitType":"5. Base","value":"Undercooked"},{"traitType":"6. Background","value":"RainyDay"}],"properties":{"files":[{"uri":"78.png","type":"image/png"}],"category":"image","creators":[{"creator":"12345678901234567890123456789012345678901234","share":"100"}]},"collection":{"name":"OK"},"traits":{"rarity":50}},{"name":"test #79","symbol":"demo","seller_fee_basis_points":"","description":",mjnhbgfvcd","external_link":"demo","attributes":[{"traitType":"1. Mouth","value":"VeryCreepySmile"},{"traitType":"2. Eyes","value":"YeGlasses"},{"traitType":"3. Clothes","value":"VampireCape"},{"traitType":"4. Hats","value":"TrashCanLid"},{"traitType":"5. Base","value":"Undercooked"},{"traitType":"6. Background","value":"RainyDay"}],"properties":{"files":[{"uri":"79.png","type":"image/png"}],"category":"image","creators":[{"creator":"12345678901234567890123456789012345678901234","share":"100"}]},"collection":{"name":"OK"},"traits":{"rarity":50}},{"name":"test #80","symbol":"demo","seller_fee_basis_points":"","description":",mjnhbgfvcd","external_link":"demo","attributes":[{"traitType":"1. Mouth","value":"VeryCreepySmile"},{"traitType":"2. Eyes","value":"YeGlasses"},{"traitType":"3. Clothes","value":"VampireCape"},{"traitType":"4. Hats","value":"TrashCanLid"},{"traitType":"5. Base","value":"Undercooked"},{"traitType":"6. Background","value":"RainyDay"}],"properties":{"files":[{"uri":"80.png","type":"image/png"}],"category":"image","creators":[{"creator":"12345678901234567890123456789012345678901234","share":"100"}]},"collection":{"name":"OK"},"traits":{"rarity":50}},{"name":"test #81","symbol":"demo","seller_fee_basis_points":"","description":",mjnhbgfvcd","external_link":"demo","attributes":[{"traitType":"1. Mouth","value":"VeryCreepySmile"},{"traitType":"2. Eyes","value":"YeGlasses"},{"traitType":"3. Clothes","value":"VampireCape"},{"traitType":"4. Hats","value":"TrashCanLid"},{"traitType":"5. Base","value":"Undercooked"},{"traitType":"6. Background","value":"RainyDay"}],"properties":{"files":[{"uri":"81.png","type":"image/png"}],"category":"image","creators":[{"creator":"12345678901234567890123456789012345678901234","share":"100"}]},"collection":{"name":"OK"},"traits":{"rarity":50}},{"name":"test #82","symbol":"demo","seller_fee_basis_points":"","description":",mjnhbgfvcd","external_link":"demo","attributes":[{"traitType":"1. Mouth","value":"VeryCreepySmile"},{"traitType":"2. Eyes","value":"YeGlasses"},{"traitType":"3. Clothes","value":"VampireCape"},{"traitType":"4. Hats","value":"TrashCanLid"},{"traitType":"5. Base","value":"Undercooked"},{"traitType":"6. Background","value":"RainyDay"}],"properties":{"files":[{"uri":"82.png","type":"image/png"}],"category":"image","creators":[{"creator":"12345678901234567890123456789012345678901234","share":"100"}]},"collection":{"name":"OK"},"traits":{"rarity":50}},{"name":"test #83","symbol":"demo","seller_fee_basis_points":"","description":",mjnhbgfvcd","external_link":"demo","attributes":[{"traitType":"1. Mouth","value":"VeryCreepySmile"},{"traitType":"2. Eyes","value":"YeGlasses"},{"traitType":"3. Clothes","value":"VampireCape"},{"traitType":"4. Hats","value":"TrashCanLid"},{"traitType":"5. Base","value":"Undercooked"},{"traitType":"6. Background","value":"RainyDay"}],"properties":{"files":[{"uri":"83.png","type":"image/png"}],"category":"image","creators":[{"creator":"12345678901234567890123456789012345678901234","share":"100"}]},"collection":{"name":"OK"},"traits":{"rarity":50}},{"name":"test #84","symbol":"demo","seller_fee_basis_points":"","description":",mjnhbgfvcd","external_link":"demo","attributes":[{"traitType":"1. Mouth","value":"VeryCreepySmile"},{"traitType":"2. Eyes","value":"YeGlasses"},{"traitType":"3. Clothes","value":"VampireCape"},{"traitType":"4. Hats","value":"TrashCanLid"},{"traitType":"5. Base","value":"Undercooked"},{"traitType":"6. Background","value":"RainyDay"}],"properties":{"files":[{"uri":"84.png","type":"image/png"}],"category":"image","creators":[{"creator":"12345678901234567890123456789012345678901234","share":"100"}]},"collection":{"name":"OK"},"traits":{"rarity":50}},{"name":"test #85","symbol":"demo","seller_fee_basis_points":"","description":",mjnhbgfvcd","external_link":"demo","attributes":[{"traitType":"1. Mouth","value":"VeryCreepySmile"},{"traitType":"2. Eyes","value":"YeGlasses"},{"traitType":"3. Clothes","value":"VampireCape"},{"traitType":"4. Hats","value":"TrashCanLid"},{"traitType":"5. Base","value":"Undercooked"},{"traitType":"6. Background","value":"RainyDay"}],"properties":{"files":[{"uri":"85.png","type":"image/png"}],"category":"image","creators":[{"creator":"12345678901234567890123456789012345678901234","share":"100"}]},"collection":{"name":"OK"},"traits":{"rarity":50}},{"name":"test #86","symbol":"demo","seller_fee_basis_points":"","description":",mjnhbgfvcd","external_link":"demo","attributes":[{"traitType":"1. Mouth","value":"VeryCreepySmile"},{"traitType":"2. Eyes","value":"YeGlasses"},{"traitType":"3. Clothes","value":"VampireCape"},{"traitType":"4. Hats","value":"TrashCanLid"},{"traitType":"5. Base","value":"Undercooked"},{"traitType":"6. Background","value":"RainyDay"}],"properties":{"files":[{"uri":"86.png","type":"image/png"}],"category":"image","creators":[{"creator":"12345678901234567890123456789012345678901234","share":"100"}]},"collection":{"name":"OK"},"traits":{"rarity":50}},{"name":"test #87","symbol":"demo","seller_fee_basis_points":"","description":",mjnhbgfvcd","external_link":"demo","attributes":[{"traitType":"1. Mouth","value":"VeryCreepySmile"},{"traitType":"2. Eyes","value":"YeGlasses"},{"traitType":"3. Clothes","value":"VampireCape"},{"traitType":"4. Hats","value":"TrashCanLid"},{"traitType":"5. Base","value":"Undercooked"},{"traitType":"6. Background","value":"RainyDay"}],"properties":{"files":[{"uri":"87.png","type":"image/png"}],"category":"image","creators":[{"creator":"12345678901234567890123456789012345678901234","share":"100"}]},"collection":{"name":"OK"},"traits":{"rarity":50}},{"name":"test #88","symbol":"demo","seller_fee_basis_points":"","description":",mjnhbgfvcd","external_link":"demo","attributes":[{"traitType":"1. Mouth","value":"VeryCreepySmile"},{"traitType":"2. Eyes","value":"YeGlasses"},{"traitType":"3. Clothes","value":"VampireCape"},{"traitType":"4. Hats","value":"TrashCanLid"},{"traitType":"5. Base","value":"Undercooked"},{"traitType":"6. Background","value":"RainyDay"}],"properties":{"files":[{"uri":"88.png","type":"image/png"}],"category":"image","creators":[{"creator":"12345678901234567890123456789012345678901234","share":"100"}]},"collection":{"name":"OK"},"traits":{"rarity":50}},{"name":"test #89","symbol":"demo","seller_fee_basis_points":"","description":",mjnhbgfvcd","external_link":"demo","attributes":[{"traitType":"1. Mouth","value":"VeryCreepySmile"},{"traitType":"2. Eyes","value":"YeGlasses"},{"traitType":"3. Clothes","value":"VampireCape"},{"traitType":"4. Hats","value":"TrashCanLid"},{"traitType":"5. Base","value":"Undercooked"},{"traitType":"6. Background","value":"RainyDay"}],"properties":{"files":[{"uri":"89.png","type":"image/png"}],"category":"image","creators":[{"creator":"12345678901234567890123456789012345678901234","share":"100"}]},"collection":{"name":"OK"},"traits":{"rarity":50}},{"name":"test #90","symbol":"demo","seller_fee_basis_points":"","description":",mjnhbgfvcd","external_link":"demo","attributes":[{"traitType":"1. Mouth","value":"VeryCreepySmile"},{"traitType":"2. Eyes","value":"YeGlasses"},{"traitType":"3. Clothes","value":"VampireCape"},{"traitType":"4. Hats","value":"TrashCanLid"},{"traitType":"5. Base","value":"Undercooked"},{"traitType":"6. Background","value":"RainyDay"}],"properties":{"files":[{"uri":"90.png","type":"image/png"}],"category":"image","creators":[{"creator":"12345678901234567890123456789012345678901234","share":"100"}]},"collection":{"name":"OK"},"traits":{"rarity":50}},{"name":"test #91","symbol":"demo","seller_fee_basis_points":"","description":",mjnhbgfvcd","external_link":"demo","attributes":[{"traitType":"1. Mouth","value":"VeryCreepySmile"},{"traitType":"2. Eyes","value":"YeGlasses"},{"traitType":"3. Clothes","value":"VampireCape"},{"traitType":"4. Hats","value":"TrashCanLid"},{"traitType":"5. Base","value":"Undercooked"},{"traitType":"6. Background","value":"RainyDay"}],"properties":{"files":[{"uri":"91.png","type":"image/png"}],"category":"image","creators":[{"creator":"12345678901234567890123456789012345678901234","share":"100"}]},"collection":{"name":"OK"},"traits":{"rarity":50}},{"name":"test #92","symbol":"demo","seller_fee_basis_points":"","description":",mjnhbgfvcd","external_link":"demo","attributes":[{"traitType":"1. Mouth","value":"VeryCreepySmile"},{"traitType":"2. Eyes","value":"YeGlasses"},{"traitType":"3. Clothes","value":"VampireCape"},{"traitType":"4. Hats","value":"TrashCanLid"},{"traitType":"5. Base","value":"Undercooked"},{"traitType":"6. Background","value":"RainyDay"}],"properties":{"files":[{"uri":"92.png","type":"image/png"}],"category":"image","creators":[{"creator":"12345678901234567890123456789012345678901234","share":"100"}]},"collection":{"name":"OK"},"traits":{"rarity":50}},{"name":"test #93","symbol":"demo","seller_fee_basis_points":"","description":",mjnhbgfvcd","external_link":"demo","attributes":[{"traitType":"1. Mouth","value":"VeryCreepySmile"},{"traitType":"2. Eyes","value":"YeGlasses"},{"traitType":"3. Clothes","value":"VampireCape"},{"traitType":"4. Hats","value":"TrashCanLid"},{"traitType":"5. Base","value":"Undercooked"},{"traitType":"6. Background","value":"RainyDay"}],"properties":{"files":[{"uri":"93.png","type":"image/png"}],"category":"image","creators":[{"creator":"12345678901234567890123456789012345678901234","share":"100"}]},"collection":{"name":"OK"},"traits":{"rarity":50}},{"name":"test #94","symbol":"demo","seller_fee_basis_points":"","description":",mjnhbgfvcd","external_link":"demo","attributes":[{"traitType":"1. Mouth","value":"VeryCreepySmile"},{"traitType":"2. Eyes","value":"YeGlasses"},{"traitType":"3. Clothes","value":"VampireCape"},{"traitType":"4. Hats","value":"TrashCanLid"},{"traitType":"5. Base","value":"Undercooked"},{"traitType":"6. Background","value":"RainyDay"}],"properties":{"files":[{"uri":"94.png","type":"image/png"}],"category":"image","creators":[{"creator":"12345678901234567890123456789012345678901234","share":"100"}]},"collection":{"name":"OK"},"traits":{"rarity":50}},{"name":"test #95","symbol":"demo","seller_fee_basis_points":"","description":",mjnhbgfvcd","external_link":"demo","attributes":[{"traitType":"1. Mouth","value":"VeryCreepySmile"},{"traitType":"2. Eyes","value":"YeGlasses"},{"traitType":"3. Clothes","value":"VampireCape"},{"traitType":"4. Hats","value":"TrashCanLid"},{"traitType":"5. Base","value":"Undercooked"},{"traitType":"6. Background","value":"RainyDay"}],"properties":{"files":[{"uri":"95.png","type":"image/png"}],"category":"image","creators":[{"creator":"12345678901234567890123456789012345678901234","share":"100"}]},"collection":{"name":"OK"},"traits":{"rarity":50}},{"name":"test #96","symbol":"demo","seller_fee_basis_points":"","description":",mjnhbgfvcd","external_link":"demo","attributes":[{"traitType":"1. Mouth","value":"VeryCreepySmile"},{"traitType":"2. Eyes","value":"YeGlasses"},{"traitType":"3. Clothes","value":"VampireCape"},{"traitType":"4. Hats","value":"TrashCanLid"},{"traitType":"5. Base","value":"Undercooked"},{"traitType":"6. Background","value":"RainyDay"}],"properties":{"files":[{"uri":"96.png","type":"image/png"}],"category":"image","creators":[{"creator":"12345678901234567890123456789012345678901234","share":"100"}]},"collection":{"name":"OK"},"traits":{"rarity":50}},{"name":"test #97","symbol":"demo","seller_fee_basis_points":"","description":",mjnhbgfvcd","external_link":"demo","attributes":[{"traitType":"1. Mouth","value":"VeryCreepySmile"},{"traitType":"2. Eyes","value":"YeGlasses"},{"traitType":"3. Clothes","value":"VampireCape"},{"traitType":"4. Hats","value":"TrashCanLid"},{"traitType":"5. Base","value":"Undercooked"},{"traitType":"6. Background","value":"RainyDay"}],"properties":{"files":[{"uri":"97.png","type":"image/png"}],"category":"image","creators":[{"creator":"12345678901234567890123456789012345678901234","share":"100"}]},"collection":{"name":"OK"},"traits":{"rarity":50}},{"name":"test #98","symbol":"demo","seller_fee_basis_points":"","description":",mjnhbgfvcd","external_link":"demo","attributes":[{"traitType":"1. Mouth","value":"VeryCreepySmile"},{"traitType":"2. Eyes","value":"YeGlasses"},{"traitType":"3. Clothes","value":"VampireCape"},{"traitType":"4. Hats","value":"TrashCanLid"},{"traitType":"5. Base","value":"Undercooked"},{"traitType":"6. Background","value":"RainyDay"}],"properties":{"files":[{"uri":"98.png","type":"image/png"}],"category":"image","creators":[{"creator":"12345678901234567890123456789012345678901234","share":"100"}]},"collection":{"name":"OK"},"traits":{"rarity":50}},{"name":"test #99","symbol":"demo","seller_fee_basis_points":"","description":",mjnhbgfvcd","external_link":"demo","attributes":[{"traitType":"1. Mouth","value":"VeryCreepySmile"},{"traitType":"2. Eyes","value":"YeGlasses"},{"traitType":"3. Clothes","value":"VampireCape"},{"traitType":"4. Hats","value":"TrashCanLid"},{"traitType":"5. Base","value":"Undercooked"},{"traitType":"6. Background","value":"RainyDay"}],"properties":{"files":[{"uri":"99.png","type":"image/png"}],"category":"image","creators":[{"creator":"12345678901234567890123456789012345678901234","share":"100"}]},"collection":{"name":"OK"},"traits":{"rarity":50}}]